URL_ID,URL,POSITIVE SCORE,NEGATIVE SCORE,POLARITY SCORE,SUBJECTIVITY SCORE,AVG SENTENCE LENGTH,PERCENTAGE OF COMPLEX WORDS,FOG INDEX,AVG NUMBER OF WORDS PER SENTENCE,COMPLEX WORD COUNT,WORD COUNT,SYLLABLE PER WORD,PERSONAL PRONOUNS,AVG WORD LENGTH,AVG SENTENCE LENGTH,PERCENTAGE OF COMPLEX WORDS,FOG INDEX
123.0,https://insights.blackcoffer.com/rise-of-telemedicine-and-its-impact-on-livelihood-by-2040-3-2/,79.0,24.0,0.5339805825242718,0.10208126858275521,23.6125,70.08999470619375,37.4809978824775,19.732558139534884,1009.0,1009.0,1.659398939304655,2.0,5.753093694755451,23.6125,70.08999470619375,37.4809978824775
321.0,https://insights.blackcoffer.com/rise-of-e-health-and-its-impact-on-humans-by-the-year-2030/,41.0,13.0,0.5185185185185185,0.1588235294117647,28.0,75.14285714285714,41.25714285714286,24.73076923076923,340.0,340.0,1.7667185069984448,3.0,5.668740279937792,28.0,75.14285714285714,41.25714285714286
2345.0,https://insights.blackcoffer.com/rise-of-e-health-and-its-imapct-on-humans-by-the-year-2030-2/,22.0,27.0,-0.10204081632653061,0.0805921052631579,18.130434782608695,68.18545163868906,34.5263545685191,14.813333333333333,605.0,608.0,1.6678667866786678,3.0,5.502250225022502,18.130434782608695,68.18545163868906,34.5263545685191
4321.0,https://insights.blackcoffer.com/rise-of-telemedicine-and-its-impact-on-livelihood-by-2040-2/,36.0,27.0,0.14285714285714285,0.08548168249660787,23.433333333333334,70.1280227596017,37.42454243717402,21.0,737.0,737.0,1.6873015873015873,6.0,5.693650793650794,23.433333333333334,70.1280227596017,37.42454243717402
432.0,https://insights.blackcoffer.com/rise-of-telemedicine-and-its-impact-on-livelihood-by-2040-2-2/,36.0,27.0,0.14285714285714285,0.08548168249660787,23.433333333333334,70.1280227596017,37.42454243717402,21.0,737.0,737.0,1.6873015873015873,6.0,5.693650793650794,23.433333333333334,70.1280227596017,37.42454243717402
2893.8,https://insights.blackcoffer.com/rise-of-chatbots-and-its-impact-on-customer-support-by-the-year-2040/,43.0,10.0,0.6226415094339622,0.08018154311649017,20.253968253968253,69.74921630094045,36.00127382196348,17.09090909090909,650.0,661.0,1.7375886524822697,3.0,5.702127659574468,20.253968253968253,69.74921630094045,36.00127382196348
3355.6,https://insights.blackcoffer.com/rise-of-e-health-and-its-imapct-on-humans-by-the-year-2030/,36.0,10.0,0.5652173913043478,0.07590759075907591,27.77777777777778,68.96,38.69511111111112,21.352941176470587,604.0,606.0,1.7511478420569329,1.0,5.804407713498622,27.77777777777778,68.96,38.69511111111112
3817.4,https://insights.blackcoffer.com/how-does-marketing-influence-businesses-and-consumers/,59.0,6.0,0.8153846153846154,0.06907545164718384,20.642105263157895,73.22794492605813,37.54802007568641,17.84536082474227,940.0,941.0,1.6712882726747544,4.0,5.470248411322935,20.642105263157895,73.22794492605813,37.54802007568641
4279.2,https://insights.blackcoffer.com/how-advertisement-increase-your-market-value/,11.0,-0.0,1.0,0.03914590747330961,25.4,80.31496062992126,42.2859842519685,21.46153846153846,281.0,281.0,1.618279569892473,1.0,5.268817204301075,25.4,80.31496062992126,42.2859842519685
4741.0,https://insights.blackcoffer.com/negative-effects-of-marketing-on-society/,23.0,44.0,-0.31343283582089554,0.1072,24.12,73.54892205638475,39.06756882255391,20.28846153846154,621.0,625.0,1.790521327014218,6.0,5.792417061611374,24.12,73.54892205638475,39.06756882255391
5202.8,https://insights.blackcoffer.com/how-advertisement-marketing-affects-business/,15.0,9.0,0.25,0.10300429184549356,18.74074074074074,77.66798418972331,38.56348997218562,15.586206896551724,233.0,233.0,1.646017699115044,4.0,5.29646017699115,18.74074074074074,77.66798418972331,38.56348997218562
5664.6,https://insights.blackcoffer.com/rising-it-cities-will-impact-the-economy-environment-infrastructure-and-city-life-by-the-year-2035/,33.0,14.0,0.40425531914893614,0.06225165562913907,24.421875,73.57645553422904,39.19933221369162,21.646153846153847,752.0,755.0,1.5991471215351811,6.0,5.17910447761194,24.421875,73.57645553422904,39.19933221369162
6126.4,https://insights.blackcoffer.com/rise-of-ott-platform-and-its-impact-on-entertainment-industry-by-the-year-2030/,24.0,3.0,0.7777777777777778,0.08157099697885196,31.952380952380953,67.80923994038747,39.90464835710737,23.64,326.0,331.0,1.7055837563451777,1.0,5.56175972927242,31.952380952380953,67.80923994038747,39.90464835710737
6588.2,https://insights.blackcoffer.com/rise-of-electric-vehicles-and-its-impact-on-livelihood-by-2040/,20.0,9.0,0.3793103448275862,0.05225225225225225,46.23076923076923,70.38269550748753,46.64538589530271,25.902439024390244,543.0,555.0,1.5348399246704332,4.0,5.016949152542373,46.23076923076923,70.38269550748753,46.64538589530271
7050.0,https://insights.blackcoffer.com/rise-of-electric-vehicle-and-its-impact-on-livelihood-by-the-year-2040/,26.0,14.0,0.3,0.07590132827324478,25.634146341463413,70.40913415794482,38.4173121997633,18.24,519.0,527.0,1.6929824561403508,1.0,5.514254385964913,25.634146341463413,70.40913415794482,38.4173121997633
7511.8,https://insights.blackcoffer.com/oil-prices-by-the-year-2040-and-how-it-will-impact-the-world-economy/,29.0,24.0,0.09433962264150944,0.07840236686390532,28.547169811320753,76.1401189689359,41.87491551210266,24.25,671.0,676.0,1.4992636229749632,19.0,4.844624447717231,28.547169811320753,76.1401189689359,41.87491551210266
7973.6,https://insights.blackcoffer.com/an-outlook-of-healthcare-by-the-year-2040-and-how-it-will-impact-human-lives/,35.0,26.0,0.14754098360655737,0.10149750415973377,33.12820512820513,70.3560371517028,41.393696911963175,24.106382978723403,598.0,601.0,1.649602824360106,5.0,5.5789938217122685,33.12820512820513,70.3560371517028,41.393696911963175
8435.4,https://insights.blackcoffer.com/ai-in-healthcare-to-improve-patient-outcomes/,66.0,33.0,0.3333333333333333,0.08792184724689166,26.88157894736842,69.40773372491435,38.51572506891311,23.28205128205128,1091.0,1126.0,1.7879955947136563,0.0,5.838656387665198,26.88157894736842,69.40773372491435,38.51572506891311
8897.2,https://insights.blackcoffer.com/what-if-the-creation-is-taking-over-the-creator/,59.0,38.0,0.21649484536082475,0.12847682119205298,21.0125,73.05175490779298,37.625701963117194,20.338028169014084,729.0,755.0,1.5394736842105263,6.0,5.070637119113574,21.0125,73.05175490779298,37.625701963117194
9359.0,https://insights.blackcoffer.com/what-jobs-will-robots-take-from-humans-in-the-future/,68.0,35.0,0.32038834951456313,0.10248756218905472,22.95294117647059,74.57713992824193,39.01203244188501,20.08139534883721,989.0,1005.0,1.7556456282570931,2.0,5.577880718008107,22.95294117647059,74.57713992824193,39.01203244188501
9820.8,https://insights.blackcoffer.com/will-machine-replace-the-human-in-the-future-of-work/,59.0,24.0,0.42168674698795183,0.09464082098061574,19.73913043478261,76.431718061674,38.46833939858265,19.416666666666668,838.0,877.0,1.553648068669528,17.0,4.982832618025751,19.73913043478261,76.431718061674,38.46833939858265
10282.6,https://insights.blackcoffer.com/will-ai-replace-us-or-work-with-us/,51.0,22.0,0.3972602739726027,0.07866379310344827,25.662337662337663,72.36842105263158,39.2123034859877,21.134146341463413,921.0,928.0,1.6353144835545297,11.0,5.278130409694172,25.662337662337663,72.36842105263158,39.2123034859877
10744.4,https://insights.blackcoffer.com/man-and-machines-together-machines-are-more-diligent-than-humans-blackcoffe/,45.0,23.0,0.3235294117647059,0.10179640718562874,26.125,73.00068352699932,39.650273410799734,22.767857142857142,657.0,668.0,1.5976470588235294,14.0,5.203137254901961,26.125,73.00068352699932,39.650273410799734
11206.2,https://insights.blackcoffer.com/in-future-or-in-upcoming-years-humans-and-machines-are-going-to-work-together-in-every-field-of-work/,28.0,12.0,0.4,0.09592326139088729,19.6,69.38775510204081,35.59510204081632,16.361702127659573,412.0,417.0,1.6527958387516255,7.0,5.336801040312094,19.6,69.38775510204081,35.59510204081632
11668.0,https://insights.blackcoffer.com/how-neural-networks-can-be-applied-in-various-areas-in-the-future/,,,,,,,,,,,,,,,,
12129.8,https://insights.blackcoffer.com/how-machine-learning-will-affect-your-business/,40.0,13.0,0.5094339622641509,0.13283208020050125,23.38888888888889,74.82185273159145,39.28429664819214,20.027027027027028,397.0,399.0,1.54251012145749,0.0,5.082321187584346,23.38888888888889,74.82185273159145,39.28429664819214
12591.6,https://insights.blackcoffer.com/deep-learning-impact-on-areas-of-e-learning/,67.0,40.0,0.2523364485981308,0.09168808911739502,30.333333333333332,74.96947496947497,42.12112332112332,25.183908045977013,1120.0,1167.0,1.6125057051574625,7.0,5.095846645367412,30.333333333333332,74.96947496947497,42.12112332112332
13053.4,https://insights.blackcoffer.com/how-to-protect-future-data-and-its-privacy-blackcoffer/,47.0,60.0,-0.12149532710280374,0.1007532956685499,25.27777777777778,68.65934065934066,37.57484737484738,18.594059405940595,1060.0,1062.0,1.6331203407880723,0.0,5.388178913738019,25.27777777777778,68.65934065934066,37.57484737484738
13515.2,https://insights.blackcoffer.com/how-machines-ai-automations-and-robo-human-are-effective-in-finance-and-banking/,38.0,19.0,0.3333333333333333,0.08189655172413793,23.06896551724138,76.60687593423019,39.87033658058863,21.660714285714285,691.0,696.0,1.731244847485573,7.0,5.602638087386644,23.06896551724138,76.60687593423019,39.87033658058863
13977.0,https://insights.blackcoffer.com/ai-human-robotics-machine-future-planet-blackcoffer-thinking-jobs-workplace/,30.0,24.0,0.1111111111111111,0.07387140902872777,17.925925925925927,68.31955922865014,34.498194061830425,16.89189189189189,698.0,731.0,1.624,6.0,5.256,17.925925925925927,68.31955922865014,34.498194061830425
14438.8,https://insights.blackcoffer.com/how-ai-will-change-the-world-blackcoffer/,66.0,24.0,0.4666666666666667,0.10989010989010989,30.147540983606557,78.24904839586732,43.358635751789556,21.89610389610389,792.0,819.0,1.5658362989323844,16.0,4.976275207591933,30.147540983606557,78.24904839586732,43.358635751789556
14900.6,https://insights.blackcoffer.com/future-of-work-how-ai-has-entered-the-workplace/,62.0,22.0,0.47619047619047616,0.0967741935483871,22.271604938271604,71.50776053215078,37.51174618816896,19.17073170731708,831.0,868.0,1.6603053435114503,9.0,5.324427480916031,22.271604938271604,71.50776053215078,37.51174618816896
15362.4,https://insights.blackcoffer.com/ai-tool-alexa-google-assistant-finance-banking-tool-future/,29.0,-0.0,1.0,0.09090909090909091,27.727272727272727,72.95081967213115,40.27123695976155,23.565217391304348,310.0,319.0,1.7527675276752768,0.0,5.717712177121771,27.727272727272727,72.95081967213115,40.27123695976155
15824.2,https://insights.blackcoffer.com/ai-healthcare-revolution-ml-technology-algorithm-google-analytics-industrialrevolution/,82.0,39.0,0.35537190082644626,0.13137893593919653,214.77777777777777,83.60062079668909,119.35135942978675,204.44444444444449,890.0,921.0,1.5309782608695652,14.0,4.875,214.77777777777777,83.60062079668909,119.35135942978675
16286.0,https://insights.blackcoffer.com/all-you-need-to-know-about-online-marketing/,23.0,-0.0,1.0,0.05227272727272727,19.434782608695652,73.15436241610739,37.03565800992122,17.130434782608695,439.0,440.0,1.6598984771573604,0.0,5.351522842639594,19.434782608695652,73.15436241610739,37.03565800992122
16747.8,https://insights.blackcoffer.com/evolution-of-advertising-industry/,17.0,6.0,0.4782608695652174,0.053613053613053616,20.853658536585368,71.81286549707603,37.066609613464564,17.714285714285715,426.0,429.0,1.788978494623656,0.0,5.69489247311828,20.853658536585368,71.81286549707603,37.066609613464564
17209.6,https://insights.blackcoffer.com/how-data-analytics-can-help-your-business-respond-to-the-impact-of-covid-19/,3.0,3.0,0.0,0.046875,34.857142857142854,73.36065573770492,43.28711943793911,26.5,128.0,128.0,1.8443396226415087,2.0,5.933962264150943,34.857142857142854,73.36065573770492,43.28711943793911
17671.4,https://insights.blackcoffer.com/covid-19-environmental-impact-for-the-future/,,,,,,,,,,,,,,,,
18133.2,https://insights.blackcoffer.com/environmental-impact-of-the-covid-19-pandemic-lesson-for-the-future/,27.0,67.0,-0.425531914893617,0.12368421052631579,28.017857142857142,72.78521351179094,40.32122826185923,23.88135593220339,760.0,760.0,1.6146202980837474,2.0,5.286018452803407,28.017857142857142,72.78521351179094,40.32122826185923
18595.0,https://insights.blackcoffer.com/how-data-analytics-and-ai-are-used-to-halt-the-covid-19-pandemic/,20.0,15.0,0.14285714285714285,0.0857843137254902,29.137931034482758,73.49112426035504,41.051622117935125,22.90909090909091,396.0,408.0,1.6097883597883598,3.0,5.226190476190476,29.137931034482758,73.49112426035504,41.051622117935125
19056.8,https://insights.blackcoffer.com/difference-between-artificial-intelligence-machine-learning-statistics-and-data-mining/,60.0,38.0,0.22448979591836735,0.10082304526748971,19.763636363636362,78.38086476540938,39.2578004516183,20.97826086956522,946.0,972.0,1.5751295336787563,9.0,5.019689119170985,19.763636363636362,78.38086476540938,39.2578004516183
19518.6,https://insights.blackcoffer.com/how-python-became-the-first-choice-for-data-science/,44.0,3.0,0.8723404255319149,0.12082262210796915,17.84090909090909,73.50318471337579,36.537637521713954,15.333333333333334,386.0,389.0,1.6681159420289855,4.0,5.395652173913043,17.84090909090909,73.50318471337579,36.537637521713954
19980.4,https://insights.blackcoffer.com/how-google-fit-measure-heart-and-respiratory-rates-using-a-phone/,6.0,1.0,0.7142857142857143,0.02880658436213992,26.941176470588236,73.58078602620087,40.20878499871564,22.666666666666668,243.0,243.0,1.5833333333333333,0.0,5.355392156862745,26.941176470588236,73.58078602620087,40.20878499871564
20442.2,https://insights.blackcoffer.com/what-is-the-future-of-mobile-apps/,22.0,8.0,0.4666666666666667,0.06451612903225806,27.285714285714285,73.82198952879581,40.44308152580405,23.47222222222222,463.0,465.0,1.5715976331360946,4.0,5.067455621301775,27.285714285714285,73.82198952879581,40.44308152580405
20904.0,https://insights.blackcoffer.com/impact-of-ai-in-health-and-medicine/,16.0,8.0,0.3333333333333333,0.08135593220338982,29.15,69.9828473413379,39.653138936535164,23.09090909090909,282.0,295.0,1.7322834645669292,1.0,5.586614173228346,29.15,69.9828473413379,39.653138936535164
21365.8,https://insights.blackcoffer.com/telemedicine-what-patients-like-and-dislike-about-it/,18.0,8.0,0.38461538461538464,0.12093023255813953,17.071428571428573,74.68619246861925,36.70304841601913,14.482758620689657,215.0,215.0,1.619047619047619,0.0,5.480952380952381,17.071428571428573,74.68619246861925,36.70304841601913
21827.6,https://insights.blackcoffer.com/how-we-forecast-future-technologies/,8.0,-0.0,1.0,0.06666666666666667,20.09090909090909,78.73303167420815,39.5295763060469,17.818181818181817,120.0,120.0,1.913265306122449,1.0,5.908163265306122,20.09090909090909,78.73303167420815,39.5295763060469
22289.4,https://insights.blackcoffer.com/can-robots-tackle-late-life-loneliness/,26.0,33.0,-0.11864406779661017,0.14047619047619048,17.696428571428573,77.69929364278507,38.15828888568546,15.035714285714286,415.0,420.0,1.5296912114014252,10.0,5.014251781472684,17.696428571428573,77.69929364278507,38.15828888568546
22751.2,https://insights.blackcoffer.com/embedding-care-robots-into-society-socio-technical-considerations/,12.0,2.0,0.7142857142857143,0.1111111111111111,24.7,73.27935222672065,39.191740890688266,19.90909090909091,125.0,126.0,1.6210045662100456,1.0,5.292237442922374,24.7,73.27935222672065,39.191740890688266
23213.0,https://insights.blackcoffer.com/management-challenges-for-future-digitalization-of-healthcare-services/,35.0,11.0,0.5217391304347826,0.11138014527845036,25.15625,68.07453416149069,37.29231366459628,17.414634146341463,411.0,413.0,1.7717086834733893,0.0,5.819327731092437,25.15625,68.07453416149069,37.29231366459628
23674.8,https://insights.blackcoffer.com/are-we-any-closer-to-preventing-a-nuclear-holocaust/,4.0,6.0,-0.2,0.10101010101010101,42.2,76.77725118483413,47.59090047393366,20.88888888888889,98.0,99.0,1.6329787234042554,3.0,5.367021276595745,42.2,76.77725118483413,47.59090047393366
24136.6,https://insights.blackcoffer.com/will-technology-eliminate-the-need-for-animal-testing-in-drug-development/,12.0,25.0,-0.35135135135135137,0.18316831683168316,20.727272727272727,81.14035087719299,40.74704944178629,19.80952380952381,200.0,202.0,1.59375,5.0,4.963942307692308,20.727272727272727,81.14035087719299,40.74704944178629
24598.4,https://insights.blackcoffer.com/will-we-ever-understand-the-nature-of-consciousness/,29.0,48.0,-0.24675324675324675,0.07833163784333673,27.22972972972973,75.3349875930521,41.02588692911274,23.36,974.0,983.0,1.7203196347031964,14.0,5.545662100456621,27.22972972972973,75.3349875930521,41.02588692911274
25060.2,https://insights.blackcoffer.com/will-we-ever-colonize-outer-space/,45.0,22.0,0.34328358208955223,0.07528089887640449,28.202898550724637,80.06166495375129,43.30582540179037,24.77777777777778,887.0,890.0,1.4966367713004485,17.0,4.878923766816143,28.202898550724637,80.06166495375129,43.30582540179037
25522.0,https://insights.blackcoffer.com/what-is-the-chance-homo-sapiens-will-survive-for-the-next-500-years/,37.0,25.0,0.1935483870967742,0.07838179519595449,20.890243902439025,73.73029772329247,37.8482166502926,21.242857142857144,779.0,791.0,1.521183591123067,14.0,5.065904505716207,20.890243902439025,73.73029772329247,37.8482166502926
25983.8,https://insights.blackcoffer.com/why-does-your-business-need-a-chatbot/,27.0,7.0,0.5882352941176471,0.08695652173913043,16.387096774193548,76.18110236220473,37.027279654559315,13.205882352941176,391.0,391.0,1.4732739420935412,0.0,4.771714922048997,16.387096774193548,76.18110236220473,37.027279654559315
26445.6,https://insights.blackcoffer.com/how-you-lead-a-project-or-a-team-without-any-technical-expertise/,43.0,8.0,0.6862745098039216,0.07544378698224852,25.476923076923075,77.59661835748793,41.229416573764404,24.45762711864407,673.0,676.0,1.480942480942481,4.0,4.762993762993763,25.476923076923075,77.59661835748793,41.229416573764404
26907.4,https://insights.blackcoffer.com/can-you-be-great-leader-without-technical-expertise/,32.0,6.0,0.6842105263157895,0.14901960784313725,35.625,82.28070175438596,47.16228070175438,28.0,253.0,255.0,1.5952380952380951,8.0,5.001984126984127,35.625,82.28070175438596,47.16228070175438
27369.2,https://insights.blackcoffer.com/how-does-artificial-intelligence-affect-the-environment/,44.0,15.0,0.4915254237288136,0.06476399560922064,26.257142857142856,74.37431991294886,40.25258510803669,23.536231884057973,867.0,911.0,1.6416256157635467,6.0,5.325123152709359,26.257142857142856,74.37431991294886,40.25258510803669
27831.0,https://insights.blackcoffer.com/how-to-overcome-your-fear-of-making-mistakes-2/,26.0,68.0,-0.44680851063829785,0.1854043392504931,15.558441558441558,77.29549248747914,37.14157361836828,14.380281690140846,505.0,507.0,1.5259549461312438,4.0,5.025465230166503,15.558441558441558,77.29549248747914,37.14157361836828
28292.8,https://insights.blackcoffer.com/is-perfection-the-greatest-enemy-of-productivity/,57.0,22.0,0.4430379746835443,0.13504273504273503,17.194805194805195,75.60422960725074,37.11961392082238,15.66216216216216,579.0,585.0,1.4477998274374462,5.0,4.751509922346851,17.194805194805195,75.60422960725074,37.11961392082238
28754.6,https://insights.blackcoffer.com/global-financial-crisis-2008-causes-effects-and-its-solution/,20.0,26.0,-0.13043478260869565,0.077834179357022,26.636363636363637,71.24573378839591,39.152838969903826,21.979166666666668,587.0,591.0,1.4966824644549763,0.0,5.006635071090048,26.636363636363637,71.24573378839591,39.152838969903826
29216.4,https://insights.blackcoffer.com/gender-diversity-and-equality-in-the-tech-industry/,25.0,22.0,0.06382978723404255,0.07532051282051282,21.098360655737704,72.33877233877234,37.37485319780402,16.144927536231883,623.0,624.0,1.736983842010772,6.0,5.479353680430879,21.098360655737704,72.33877233877234,37.37485319780402
29678.2,https://insights.blackcoffer.com/how-to-overcome-your-fear-of-making-mistakes/,25.0,72.0,-0.4845360824742268,0.18653846153846154,16.73972602739726,76.84124386252046,37.432387955967094,15.611940298507465,517.0,520.0,1.531548757170172,5.0,5.044933078393881,16.73972602739726,76.84124386252046,37.432387955967094
30140.0,https://insights.blackcoffer.com/how-small-business-can-survive-the-coronavirus-crisis/,23.0,8.0,0.4838709677419355,0.08333333333333333,26.6,77.19298245614034,41.517192982456145,20.257142857142856,372.0,372.0,1.5754583921015517,5.0,5.084626234132581,26.6,77.19298245614034,41.517192982456145
30601.8,https://insights.blackcoffer.com/impacts-of-covid-19-on-vegetable-vendors-and-food-stalls/,11.0,6.0,0.29411764705882354,0.09392265193370165,33.90909090909091,75.06702412868633,43.5904460151109,27.666666666666668,181.0,181.0,1.6626506024096386,0.0,5.328313253012048,33.90909090909091,75.06702412868633,43.5904460151109
31063.6,https://insights.blackcoffer.com/impacts-of-covid-19-on-vegetable-vendors/,27.0,18.0,0.2,0.10135135135135136,34.64,73.67205542725173,43.324822170900696,31.0,444.0,444.0,1.6683870967741936,0.0,5.495483870967742,34.64,73.67205542725173,43.324822170900696
31525.4,https://insights.blackcoffer.com/impact-of-covid-19-pandemic-on-tourism-aviation-industries/,24.0,32.0,-0.14285714285714285,0.0827178729689808,24.964912280701753,70.69571328179902,38.26425022500031,21.11864406779661,672.0,677.0,1.57223113964687,5.0,5.295345104333868,24.964912280701753,70.69571328179902,38.26425022500031
31987.2,https://insights.blackcoffer.com/impact-of-covid-19-pandemic-on-sports-events-around-the-world/,23.0,11.0,0.35294117647058826,0.01751674394641937,20.594871794871796,56.10059760956175,30.678187761773422,14.040160642570282,1932.0,1941.0,1.4196224256292906,0.0,5.035469107551488,20.594871794871796,56.10059760956175,30.678187761773422
32449.0,https://insights.blackcoffer.com/changing-landscape-and-emerging-trends-in-the-indian-it-ites-industry/,39.0,46.0,-0.08235294117647059,0.09249183895538629,23.602409638554217,73.20061255742726,38.721208878392595,21.09523809523809,911.0,919.0,1.577313769751693,5.0,5.135440180586907,23.602409638554217,73.20061255742726,38.721208878392595
32910.8,https://insights.blackcoffer.com/online-gaming-adolescent-online-gaming-effects-demotivated-depression-musculoskeletal-and-psychosomatic-symptoms/,31.0,61.0,-0.32608695652173914,0.10244988864142539,28.3,71.20141342756183,39.80056537102473,23.92063492063492,895.0,898.0,1.7285998672859986,0.0,5.658261446582615,28.3,71.20141342756183,39.80056537102473
33372.6,https://insights.blackcoffer.com/human-rights-outlook/,6.0,1.0,0.7142857142857143,0.07216494845360824,30.142857142857142,76.77725118483413,42.76804333107651,23.0,95.0,97.0,1.6195652173913044,2.0,5.331521739130435,30.142857142857142,76.77725118483413,42.76804333107651
33834.4,https://insights.blackcoffer.com/how-voice-search-makes-your-business-a-successful-business/,31.0,4.0,0.7714285714285715,0.07322175732217573,26.641025641025642,72.28103946102021,39.568826040818344,23.0,477.0,478.0,1.5251716247139588,0.0,5.232265446224257,26.641025641025642,72.28103946102021,39.568826040818344
34296.2,https://insights.blackcoffer.com/how-the-covid-19-crisis-is-redefining-jobs-and-services/,38.0,33.0,0.07042253521126761,0.07717391304347826,17.183333333333334,77.20659553831231,37.75597154865826,15.579831932773107,919.0,920.0,1.5528586839266452,4.0,5.061488673139158,17.183333333333334,77.20659553831231,37.75597154865826
34758.0,https://insights.blackcoffer.com/how-to-increase-social-media-engagement-for-marketers/,47.0,14.0,0.5409836065573771,0.06566200215285253,21.505494505494507,74.2973939703628,38.32115539034293,19.58620689655172,926.0,929.0,1.5657276995305165,5.0,5.179577464788732,21.505494505494507,74.2973939703628,38.32115539034293
35219.8,https://insights.blackcoffer.com/impacts-of-covid-19-on-streets-sides-food-stalls/,31.0,30.0,0.01639344262295082,0.09902597402597403,26.148936170212767,73.79983726606997,39.9795093745131,22.77083333333333,611.0,616.0,1.5709057639524244,2.0,5.215919487648673,26.148936170212767,73.79983726606997,39.9795093745131
35681.6,https://insights.blackcoffer.com/coronavirus-impact-on-energy-markets-2/,18.0,41.0,-0.3898305084745763,0.06243386243386243,31.852459016393443,70.50952135872363,40.94479215004683,23.386666666666667,933.0,945.0,1.6966932725199544,1.0,5.40763968072976,31.852459016393443,70.50952135872363,40.94479215004683
36143.4,https://insights.blackcoffer.com/coronavirus-impact-on-the-hospitality-industry-5/,19.0,42.0,-0.3770491803278688,0.11359404096834265,23.3125,73.10098302055407,38.56539320822163,19.82,536.0,537.0,1.6215943491422806,3.0,5.261352169525732,23.3125,73.10098302055407,38.56539320822163
36605.2,https://insights.blackcoffer.com/lessons-from-the-past-some-key-learnings-relevant-to-the-coronavirus-crisis-4/,38.0,44.0,-0.07317073170731707,0.12654320987654322,18.72972972972973,78.06637806637806,38.71844311844312,17.027397260273972,644.0,648.0,1.5341914722445695,27.0,5.003218020917136,18.72972972972973,78.06637806637806,38.71844311844312
37067.0,https://insights.blackcoffer.com/estimating-the-impact-of-covid-19-on-the-world-of-work-2/,24.0,26.0,-0.04,0.08196721311475409,31.94736842105263,81.4662273476112,45.36543830746553,29.81578947368421,602.0,610.0,1.6284201235657547,11.0,5.132391879964696,31.94736842105263,81.4662273476112,45.36543830746553
37528.8,https://insights.blackcoffer.com/estimating-the-impact-of-covid-19-on-the-world-of-work-3/,20.0,33.0,-0.24528301886792453,0.07464788732394366,25.035714285714285,65.9058487874465,36.37662522926431,19.26984126984127,707.0,710.0,1.6556836902800658,2.0,5.49176276771005,25.035714285714285,65.9058487874465,36.37662522926431
37990.6,https://insights.blackcoffer.com/travel-and-tourism-outlook/,7.0,3.0,0.4,0.0847457627118644,25.7,76.65369649805449,40.941478599221796,22.6,115.0,118.0,1.5575221238938053,2.0,5.154867256637168,25.7,76.65369649805449,40.941478599221796
38452.4,https://insights.blackcoffer.com/gaming-disorder-and-effects-of-gaming-on-health/,31.0,44.0,-0.17333333333333334,0.12214983713355049,21.216666666666665,76.90494893951296,39.24864624247186,19.220338983050848,610.0,614.0,1.5379188712522045,11.0,5.008818342151676,21.216666666666665,76.90494893951296,39.24864624247186
38914.2,https://insights.blackcoffer.com/what-is-the-repercussion-of-the-environment-due-to-the-covid-19-pandemic-situation/,10.0,25.0,-0.42857142857142855,0.09615384615384616,21.857142857142858,65.09803921568627,34.78207282913166,18.88571428571429,362.0,364.0,1.5900151285930408,3.0,5.32375189107413,21.857142857142858,65.09803921568627,34.78207282913166
39376.0,https://insights.blackcoffer.com/what-is-the-repercussion-of-the-environment-due-to-the-covid-19-pandemic-situation-2/,31.0,55.0,-0.27906976744186046,0.13333333333333333,25.14,76.29276054097056,40.57310421638823,21.77358490566038,642.0,645.0,1.696707105719237,2.0,5.437608318890814,25.14,76.29276054097056,40.57310421638823
39837.8,https://insights.blackcoffer.com/impact-of-covid-19-pandemic-on-office-space-and-co-working-industries/,25.0,34.0,-0.15254237288135594,0.1102803738317757,32.78947368421053,79.45425361155698,44.89749091830701,27.775,534.0,535.0,1.523852385238524,5.0,4.906390639063907,32.78947368421053,79.45425361155698,44.89749091830701
40299.6,https://insights.blackcoffer.com/contribution-of-handicrafts-visual-arts-literature-in-the-indian-economy/,3.0,-0.0,1.0,0.024390243902439025,42.6,61.97183098591549,41.8287323943662,30.166666666666668,123.0,123.0,1.806629834254144,0.0,5.928176795580111,42.6,61.97183098591549,41.8287323943662
40761.4,https://insights.blackcoffer.com/how-covid-19-is-impacting-payment-preferences/,14.0,3.0,0.6470588235294118,0.05345911949685535,23.25,67.58832565284179,36.33533026113672,18.64516129032258,317.0,318.0,1.541522491349481,3.0,5.0588235294117645,23.25,67.58832565284179,36.33533026113672
41223.2,https://insights.blackcoffer.com/how-will-covid-19-affect-the-world-of-work-2/,31.0,52.0,-0.25301204819277107,0.16435643564356436,36.06666666666667,71.90388170055454,43.18821934688848,28.23529411764705,505.0,505.0,1.6645833333333333,1.0,5.41875,36.06666666666667,71.90388170055454,43.18821934688848
41685.0,https://insights.blackcoffer.com/lessons-from-the-past-some-key-learnings-relevant-to-the-coronavirus-crisis/,32.0,21.0,0.20754716981132076,0.15142857142857144,27.096774193548388,78.57142857142857,42.26728110599078,23.78125,340.0,350.0,1.3534822601839684,34.0,4.449408672798949,27.096774193548388,78.57142857142857,42.26728110599078
42146.8,https://insights.blackcoffer.com/covid-19-how-have-countries-been-responding/,9.0,37.0,-0.6086956521739131,0.07516339869281045,25.93617021276596,64.39704675963905,36.133286788962,21.03921568627451,611.0,612.0,1.5787511649580614,0.0,5.420316868592731,25.93617021276596,64.39704675963905,36.133286788962
42608.6,https://insights.blackcoffer.com/coronavirus-impact-on-the-hospitality-industry-2/,16.0,31.0,-0.3191489361702128,0.08061749571183534,22.98076923076923,71.79916317991632,37.91197296427422,20.056603773584907,582.0,583.0,1.6528692380056444,0.0,5.4863593603010345,22.98076923076923,71.79916317991632,37.91197296427422
43070.4,https://insights.blackcoffer.com/how-will-covid-19-affect-the-world-of-work-3/,29.0,47.0,-0.23684210526315788,0.13036020583190394,22.660377358490567,67.61032472939218,36.108280835153096,20.192307692307693,580.0,583.0,1.6485714285714286,0.0,5.553333333333334,22.660377358490567,67.61032472939218,36.108280835153096
43532.2,https://insights.blackcoffer.com/coronavirus-impact-on-the-hospitality-industry-3/,20.0,21.0,-0.024390243902439025,0.08817204301075268,26.62857142857143,76.1802575107296,41.12353157572042,23.11111111111111,463.0,465.0,1.6370192307692308,6.0,5.263221153846154,26.62857142857143,76.1802575107296,41.12353157572042
43994.0,https://insights.blackcoffer.com/estimating-the-impact-of-covid-19-on-the-world-of-work/,45.0,46.0,-0.01098901098901099,0.1092436974789916,25.214285714285715,74.22096317280453,39.7740995548361,21.226666666666667,828.0,833.0,1.5552763819095476,2.0,5.0201005025125625,25.214285714285715,74.22096317280453,39.7740995548361
44455.8,https://insights.blackcoffer.com/covid-19-how-have-countries-been-responding-2/,20.0,38.0,-0.3103448275862069,0.06682027649769585,28.433333333333334,69.28487690504103,39.08728409534975,21.095890410958905,857.0,868.0,1.6545454545454543,0.0,5.264285714285714,28.433333333333334,69.28487690504103,39.08728409534975
44917.6,https://insights.blackcoffer.com/how-will-covid-19-affect-the-world-of-work-4/,26.0,25.0,0.0196078431372549,0.11062906724511931,87.0909090909091,84.44676409185804,68.61506927310687,35.07692307692308,456.0,461.0,1.3848684210526316,40.0,4.470394736842105,87.0909090909091,84.44676409185804,68.61506927310687
45379.4,https://insights.blackcoffer.com/lessons-from-the-past-some-key-learnings-relevant-to-the-coronavirus-crisis-2/,36.0,62.0,-0.2653061224489796,0.10304942166140904,30.045454545454547,71.3565305093293,40.560794021913544,25.32857142857143,946.0,951.0,1.5792442188381275,7.0,5.3508178228990415,30.045454545454547,71.3565305093293,40.560794021913544
45841.2,https://insights.blackcoffer.com/lessons-from-the-past-some-key-learnings-relevant-to-the-coronavirus-crisis-3/,35.0,53.0,-0.20454545454545456,0.14102564102564102,18.423076923076923,80.02783576896312,39.38036507681602,16.423076923076923,619.0,624.0,1.4215456674473068,7.0,4.7103825136612025,18.423076923076923,80.02783576896312,39.38036507681602
46303.0,https://insights.blackcoffer.com/coronavirus-impact-on-the-hospitality-industry-4/,11.0,14.0,-0.12,0.1201923076923077,26.3125,69.83372921615202,38.45849168646081,17.714285714285715,207.0,208.0,1.811827956989248,1.0,5.763440860215054,26.3125,69.83372921615202,38.45849168646081
46764.8,https://insights.blackcoffer.com/why-scams-like-nirav-modi-happen-with-indian-banks/,44.0,87.0,-0.3282442748091603,0.10258418167580266,27.613636363636363,67.65432098765433,38.107182940516275,22.443298969072163,1265.0,1277.0,1.641708773541571,1.0,5.380339917317409,27.613636363636363,67.65432098765433,38.107182940516275
47226.6,https://insights.blackcoffer.com/impact-of-covid-19-on-the-global-economy/,36.0,61.0,-0.25773195876288657,0.1272965879265092,27.5625,84.35374149659864,44.76649659863946,25.13846153846153,757.0,762.0,1.412484700122399,33.0,4.613831089351285,27.5625,84.35374149659864,44.76649659863946
47688.4,https://insights.blackcoffer.com/impact-of-covid-19coronavirus-on-the-indian-economy-2/,36.0,65.0,-0.2871287128712871,0.10871905274488698,23.197674418604652,69.72431077694236,37.1687940782188,17.545454545454547,924.0,929.0,1.5699481865284974,10.0,5.183649971214738,23.197674418604652,69.72431077694236,37.1687940782188
48150.2,https://insights.blackcoffer.com/impact-of-covid-19-on-the-global-economy-2/,40.0,83.0,-0.34959349593495936,0.12106299212598425,27.426666666666666,75.40106951871658,41.1310944741533,23.329113924050635,1004.0,1016.0,1.566467715680955,7.0,5.174172544763972,27.426666666666666,75.40106951871658,41.1310944741533
48612.0,https://insights.blackcoffer.com/impact-of-covid-19-coronavirus-on-the-indian-economy-3/,23.0,41.0,-0.28125,0.1140819964349376,23.74,73.37826453243471,38.847305812973886,18.607142857142858,555.0,561.0,1.5575815738963532,7.0,5.142994241842611,23.74,73.37826453243471,38.847305812973886
49073.8,https://insights.blackcoffer.com/should-celebrities-be-allowed-to-join-politics/,60.0,18.0,0.5384615384615384,0.08150470219435736,32.84375,71.07516650808753,41.567566603235015,29.58730158730159,954.0,957.0,1.6105150214592274,2.0,5.342811158798283,32.84375,71.07516650808753,41.567566603235015
49535.6,https://insights.blackcoffer.com/how-prepared-is-india-to-tackle-a-possible-covid-19-outbreak/,18.0,23.0,-0.12195121951219512,0.08893709327548807,30.181818181818183,72.59036144578313,41.10887185104053,26.545454545454547,458.0,461.0,1.615296803652968,3.0,5.29337899543379,30.181818181818183,72.59036144578313,41.10887185104053
49997.4,https://insights.blackcoffer.com/how-will-covid-19-affect-the-world-of-work/,38.0,84.0,-0.3770491803278688,0.16464237516869096,27.392857142857142,74.64146023468058,40.81372695101509,21.93548387096774,740.0,741.0,1.6397058823529411,6.0,5.354411764705882,27.392857142857142,74.64146023468058,40.81372695101509
50459.2,https://insights.blackcoffer.com/controversy-as-a-marketing-strategy/,10.0,15.0,-0.2,0.1404494382022472,23.9375,73.36814621409921,38.92225848563969,20.5625,177.0,178.0,1.6474164133738602,1.0,5.434650455927052,23.9375,73.36814621409921,38.92225848563969
50921.0,https://insights.blackcoffer.com/coronavirus-impact-on-the-hospitality-industry/,8.0,7.0,0.06666666666666667,0.0528169014084507,26.318181818181817,64.07599309153713,36.15766996388758,19.65384615384616,284.0,284.0,1.6575342465753424,1.0,5.526418786692759,26.318181818181817,64.07599309153713,36.15766996388758
51382.8,https://insights.blackcoffer.com/coronavirus-impact-on-energy-markets/,26.0,60.0,-0.3953488372093023,0.07992565055762081,38.46,68.79875195007801,42.90350078003121,32.82692307692308,1058.0,1076.0,1.645577035735208,2.0,5.37609841827768,38.46,68.79875195007801,42.90350078003121
51844.6,https://insights.blackcoffer.com/what-are-the-key-policies-that-will-mitigate-the-impacts-of-covid-19-on-the-world-of-work/,86.0,30.0,0.4827586206896552,0.11958762886597939,27.67142857142857,72.63810015487869,40.12381149052291,23.301369863013697,969.0,970.0,1.6696061140505585,0.0,5.486772486772487,27.67142857142857,72.63810015487869,40.12381149052291
52306.4,https://insights.blackcoffer.com/marketing-drives-results-with-a-focus-on-problems/,27.0,20.0,0.14893617021276595,0.063257065948856,27.508474576271187,73.93715341959334,40.57825119834581,21.640625,730.0,743.0,1.6173285198555956,5.0,5.490252707581227,27.508474576271187,73.93715341959334,40.57825119834581
52768.2,https://insights.blackcoffer.com/continued-demand-for-sustainability/,26.0,19.0,0.15555555555555556,0.10440835266821345,29.555555555555557,70.17543859649122,39.892397660818716,25.142857142857142,428.0,431.0,1.8267045454545447,0.0,5.974431818181818,29.555555555555557,70.17543859649122,39.892397660818716
